0,0.2,0.116
0.012,0.206,0.116
0.045,0.211,0.116
0.078,0.215,0.116
0.112,0.22,0.116
0.145,0.224,0.116
0.178,0.228,0.116
0.212,0.232,0.116
0.245,0.236,0.116
0.278,0.238,0.116
0.312,0.241,0.116
0.345,0.243,0.116
0.378,0.245,0.116
0.412,0.247,0.116
0.445,0.247,0.116
0.478,0.248,0.116
0.512,0.248,0.116
0.545,0.248,0.116
0.578,0.242,0.115
0.612,0.241,0.115
0.645,0.239,0.115
0.678,0.237,0.115
0.712,0.235,0.115
0.745,0.233,0.115
0.778,0.23,0.114
0.812,0.227,0.115
0.845,0.224,0.114
0.878,0.22,0.114
0.912,0.216,0.115
0.945,0.211,0.114
0.978,0.206,0.114
1.012,0.201,0.114
1.045,0.196,0.114
1.078,0.191,0.113
1.112,0.186,0.114
1.145,0.18,0.114
1.178,0.174,0.113
1.212,0.169,0.114
1.245,0.164,0.114
1.278,0.158,0.114
1.312,0.152,0.114
1.345,0.147,0.114
1.378,0.143,0.114
1.412,0.138,0.115
1.445,0.133,0.116
1.478,0.128,0.116
1.512,0.123,0.116
1.545,0.118,0.116
1.578,0.113,0.116
1.612,0.109,0.116
1.645,0.105,0.116
1.678,0.101,0.116
1.712,9.74E-02,0.117
1.745,9.39E-02,0.117
1.778,9.13E-02,0.117
1.812,8.90E-02,0.117
1.845,8.69E-02,0.117
1.878,8.49E-02,0.116
1.912,8.39E-02,0.116
1.945,8.35E-02,0.117
1.978,8.30E-02,0.117
2.012,8.32E-02,0.117
2.045,8.34E-02,0.116
2.078,8.46E-02,0.116
2.112,8.64E-02,0.117
2.145,8.86E-02,0.117
2.178,9.08E-02,0.117
2.212,9.40E-02,0.117
2.245,9.73E-02,0.117
2.278,0.101,0.116
2.312,0.105,0.116
2.345,0.109,0.116
2.378,0.113,0.116
2.412,0.118,0.116
2.445,0.124,0.116
2.478,0.129,0.116
2.512,0.135,0.117
2.545,0.141,0.117
2.578,0.147,0.117
2.612,0.153,0.117
2.645,0.159,0.117
2.678,0.165,0.117
2.712,0.17,0.117
2.745,0.177,0.117
2.778,0.189,0.117
2.812,0.195,0.118
2.845,0.2,0.118
2.878,0.206,0.118
2.912,0.212,0.118
2.945,0.218,0.119
2.978,0.223,0.119
3.012,0.223,0.119
3.045,0.228,0.119
3.078,0.232,0.119
3.112,0.237,0.12
3.145,0.24,0.12
3.178,0.243,0.12
3.212,0.246,0.12
3.245,0.248,0.12
3.278,0.249,0.12
3.312,0.25,0.12
3.345,0.251,0.12
3.378,0.251,0.12
3.412,0.251,0.12
3.445,0.25,0.12
3.478,0.249,0.12
3.512,0.247,0.12
3.545,0.245,0.12
3.578,0.243,0.12
3.612,0.24,0.12
3.645,0.237,0.12
3.678,0.233,0.12
3.712,0.227,0.119
3.745,0.222,0.119
3.778,0.218,0.119
3.812,0.213,0.119
3.845,0.208,0.119
3.878,0.201,0.118
3.912,0.196,0.118
3.945,0.19,0.118
3.978,0.184,0.118
4.012,0.177,0.118
4.045,0.172,0.118
4.078,0.166,0.117
4.112,0.16,0.117
4.145,0.153,0.118
4.178,0.148,0.118
4.212,0.142,0.118
4.245,0.137,0.118
4.278,0.131,0.118
4.312,0.126,0.118
4.345,0.121,0.118
4.378,0.116,0.118
4.412,0.112,0.118
4.445,0.108,0.118
4.478,0.103,0.118
4.512,9.90E-02,0.118
4.545,9.65E-02,0.118
4.578,9.39E-02,0.118
4.612,9.13E-02,0.118
4.645,8.96E-02,0.118
4.678,8.81E-02,0.118
4.712,8.67E-02,0.118
4.745,8.60E-02,0.118
4.778,8.59E-02,0.118
4.812,8.60E-02,0.118
4.845,8.64E-02,0.118
4.878,8.74E-02,0.118
4.912,8.87E-02,0.118
4.945,9.05E-02,0.118
4.978,9.26E-02,0.118
5.012,9.54E-02,0.118
5.045,9.84E-02,0.118
5.078,0.102,0.118
5.112,0.105,0.118
5.145,0.109,0.118
5.178,0.113,0.118
5.212,0.118,0.118
5.245,0.123,0.118
5.278,0.128,0.118
5.312,0.133,0.118
5.345,0.138,0.118
5.378,0.143,0.118
5.412,0.149,0.118
5.445,0.154,0.118
5.478,0.16,0.118
5.512,0.166,0.118
5.545,0.171,0.118
5.578,0.177,0.118
5.612,0.183,0.118
5.645,0.187,0.117
5.678,0.192,0.118
5.712,0.197,0.118
5.745,0.203,0.118
5.778,0.208,0.118
5.812,0.213,0.118
5.845,0.217,0.118
5.878,0.221,0.118
5.912,0.225,0.118
5.945,0.229,0.118
5.978,0.232,0.119
6.012,0.236,0.119
6.045,0.239,0.119
6.078,0.241,0.119
6.112,0.243,0.119
6.145,0.244,0.119
6.178,0.246,0.119
6.212,0.246,0.119
6.245,0.246,0.119
6.278,0.246,0.119
6.312,0.246,0.119
6.345,0.245,0.119
6.378,0.243,0.119
6.412,0.242,0.119
6.445,0.239,0.119
6.478,0.237,0.119
6.512,0.234,0.119
6.545,0.23,0.119
6.578,0.227,0.119
6.612,0.223,0.119
6.645,0.218,0.119
6.678,0.213,0.119
6.712,0.208,0.119
6.745,0.203,0.119
6.778,0.196,0.118
6.812,0.19,0.118
6.845,0.185,0.118
6.878,0.179,0.118
6.912,0.173,0.118
6.945,0.167,0.118
6.978,0.16,0.118
7.012,0.154,0.118
7.045,0.148,0.118
7.078,0.142,0.118
7.112,0.136,0.118
7.145,0.13,0.117
7.178,0.125,0.118
7.212,0.119,0.118
7.245,0.111,0.116
7.278,0.107,0.116
7.312,0.104,0.117
7.345,9.95E-02,0.117
7.378,9.54E-02,0.116
7.412,9.21E-02,0.116
7.445,8.91E-02,0.116
7.478,8.66E-02,0.116
7.512,8.45E-02,0.117
7.545,8.28E-02,0.116
7.578,8.17E-02,0.116
7.612,8.05E-02,0.116
7.645,8.04E-02,0.116
7.678,8.04E-02,0.116
7.712,8.13E-02,0.116
7.745,8.26E-02,0.116
7.778,8.42E-02,0.116
7.812,8.64E-02,0.116
7.845,8.93E-02,0.116
7.878,9.30E-02,0.116
7.912,9.60E-02,0.116
7.945,9.89E-02,0.116
7.978,0.104,0.116
8.012,0.109,0.116
8.045,0.114,0.117
8.078,0.119,0.117
8.112,0.124,0.117
8.145,0.129,0.117
8.178,0.135,0.117
8.212,0.141,0.117
8.245,0.147,0.117
8.278,0.153,0.117
8.312,0.159,0.117
8.345,0.165,0.117
8.378,0.172,0.118
8.412,0.179,0.118
8.445,0.184,0.118
8.478,0.191,0.118
8.512,0.197,0.119
8.545,0.203,0.119
8.578,0.208,0.119
8.612,0.213,0.119
8.645,0.217,0.119
8.678,0.221,0.119
8.712,0.226,0.119
8.745,0.23,0.119
8.778,0.233,0.119
8.812,0.235,0.119
8.845,0.238,0.119
8.878,0.241,0.119
8.912,0.242,0.119
8.945,0.243,0.119
8.978,0.244,0.119
9.012,0.245,0.119
9.045,0.245,0.119
9.078,0.245,0.119
9.112,0.245,0.119
9.145,0.244,0.119
9.178,0.242,0.119
9.212,0.24,0.119
9.245,0.238,0.119
9.278,0.235,0.118
9.312,0.232,0.118
9.345,0.229,0.118
9.378,0.225,0.118
9.412,0.221,0.118
9.445,0.217,0.117
9.478,0.213,0.118
9.512,0.209,0.118
9.545,0.204,0.118
9.578,0.199,0.118
9.612,0.194,0.117
9.645,0.188,0.118
9.678,0.183,0.118
9.712,0.178,0.118
9.745,0.172,0.118
9.778,0.167,0.118
9.812,0.161,0.118
9.845,0.156,0.118
9.878,0.15,0.118
9.912,0.144,0.118
9.945,0.139,0.118
9.978,0.134,0.118
10.012,0.129,0.118
10.045,0.124,0.118
10.078,0.119,0.118
10.112,0.115,0.118
10.145,0.11,0.118
10.178,0.106,0.118
10.212,0.103,0.118
10.245,9.94E-02,0.118
10.278,9.64E-02,0.118
10.312,9.36E-02,0.118
10.345,9.15E-02,0.118
10.378,8.96E-02,0.118
10.412,8.80E-02,0.118
10.445,8.69E-02,0.118
10.478,8.62E-02,0.118
10.512,8.59E-02,0.118
10.545,8.60E-02,0.118
10.578,8.72E-02,0.118
10.612,8.83E-02,0.118
10.645,8.74E-02,0.117
10.678,9.00E-02,0.116
10.712,9.23E-02,0.116
10.745,9.54E-02,0.117
10.778,9.86E-02,0.116
10.812,0.102,0.117
10.845,0.106,0.116
10.878,0.11,0.117
10.912,0.115,0.117
10.945,0.12,0.116
10.978,0.125,0.117
11.012,0.13,0.117
11.045,0.136,0.117
11.078,0.142,0.117
11.112,0.148,0.117
11.145,0.153,0.117
11.178,0.159,0.117
11.212,0.165,0.117
11.245,0.171,0.117
11.278,0.178,0.117
11.312,0.184,0.117
11.345,0.19,0.117
11.378,0.196,0.118
11.412,0.202,0.118
11.445,0.207,0.118
11.478,0.212,0.118
11.512,0.217,0.118
11.545,0.223,0.119
11.578,0.227,0.119
11.612,0.231,0.119
11.645,0.235,0.119
11.678,0.239,0.12
11.712,0.242,0.12
11.745,0.244,0.12
11.778,0.246,0.12
11.812,0.248,0.12
11.845,0.249,0.12
11.878,0.25,0.12
11.912,0.25,0.12
11.945,0.25,0.12
11.978,0.249,0.12
12.012,0.248,0.12
12.045,0.246,0.12
12.078,0.244,0.12
12.112,0.242,0.12
12.145,0.239,0.12
12.178,0.236,0.12
12.212,0.232,0.12
12.245,0.228,0.12
12.278,0.222,0.119
12.312,0.217,0.119
12.345,0.212,0.119
12.378,0.208,0.119
12.412,0.202,0.119
12.445,0.197,0.119
12.478,0.19,0.118
12.512,0.184,0.118
12.545,0.177,0.117
12.578,0.172,0.118
12.612,0.166,0.118
12.645,0.16,0.118
12.678,0.154,0.118
12.712,0.148,0.118
12.745,0.143,0.118
12.778,0.137,0.118
12.812,0.132,0.118
12.845,0.126,0.118
12.878,0.121,0.118
12.912,0.117,0.118
12.945,0.112,0.118
12.978,0.108,0.118
13.012,0.104,0.118
13.045,9.97E-02,0.118
13.078,9.68E-02,0.118
13.112,9.41E-02,0.118
13.145,9.18E-02,0.118
13.178,8.99E-02,0.118
13.212,8.84E-02,0.118
13.245,8.74E-02,0.118
13.278,8.70E-02,0.118
13.312,8.64E-02,0.118
13.345,8.64E-02,0.118
13.378,8.70E-02,0.118
13.412,8.82E-02,0.118
13.445,8.97E-02,0.118
13.478,9.14E-02,0.118
13.512,9.36E-02,0.118
13.545,9.61E-02,0.118
13.578,9.92E-02,0.118
13.612,0.102,0.118
13.645,0.106,0.118
13.678,0.11,0.118
13.712,0.114,0.118
13.745,0.119,0.118
13.778,0.123,0.118
13.812,0.128,0.118
13.845,0.134,0.118
13.878,0.139,0.118
13.912,0.144,0.118
13.945,0.15,0.118
13.978,0.155,0.118
14.012,0.161,0.118
14.045,0.167,0.118
14.078,0.172,0.118
14.112,0.177,0.118
14.145,0.183,0.118
14.178,0.188,0.118
14.212,0.194,0.118
14.245,0.199,0.118
14.278,0.204,0.118
14.312,0.209,0.118
14.345,0.213,0.118
14.378,0.217,0.118
14.412,0.221,0.118
14.445,0.225,0.118
14.478,0.229,0.118
14.512,0.232,0.118
14.545,0.235,0.118
14.578,0.238,0.119
14.612,0.24,0.119
14.645,0.242,0.119
14.678,0.244,0.119
14.712,0.244,0.119
14.745,0.245,0.119
14.778,0.245,0.119
14.812,0.245,0.119
14.845,0.244,0.119
14.878,0.243,0.119
14.912,0.242,0.119
14.945,0.24,0.119
14.978,0.238,0.119
15.012,0.235,0.119
15.045,0.232,0.119
15.078,0.229,0.119
15.112,0.225,0.119
15.145,0.221,0.119
15.178,0.217,0.119
15.212,0.212,0.119
15.245,0.207,0.119
15.278,0.202,0.119
15.312,0.197,0.119
15.345,0.192,0.119
15.378,0.186,0.119
15.412,0.18,0.119
15.445,0.174,0.119
15.478,0.168,0.119
15.512,0.163,0.119
15.545,0.155,0.118
15.578,0.149,0.118
15.612,0.143,0.118
15.645,0.137,0.118
15.678,0.132,0.118
15.712,0.126,0.118
15.745,0.121,0.118
15.778,0.115,0.117
15.812,0.11,0.117
15.845,0.103,0.116
15.878,9.92E-02,0.116
15.912,9.65E-02,0.116
15.945,9.33E-02,0.116
15.978,9.05E-02,0.117
16.012,8.81E-02,0.116
16.045,8.61E-02,0.116
16.078,8.47E-02,0.116
16.112,8.35E-02,0.116
16.145,8.27E-02,0.116
16.178,8.26E-02,0.116
16.212,8.27E-02,0.116
16.245,8.35E-02,0.116
16.278,8.48E-02,0.116
16.312,8.64E-02,0.117
16.345,8.86E-02,0.117
16.378,9.12E-02,0.117
16.412,9.40E-02,0.117
16.445,9.73E-02,0.117
16.478,0.1,0.116
16.512,0.104,0.117
16.545,0.109,0.117
16.578,0.114,0.117
16.612,0.119,0.117
16.645,0.124,0.117
16.678,0.129,0.117
16.712,0.135,0.117
16.745,0.141,0.117
16.778,0.147,0.117
16.812,0.153,0.117
16.845,0.158,0.117
16.878,0.165,0.117
16.912,0.17,0.117
16.945,0.178,0.118
16.978,0.184,0.118
17.012,0.19,0.118
17.045,0.197,0.119
17.078,0.203,0.119
17.112,0.208,0.119
17.145,0.212,0.119
17.178,0.217,0.119
17.212,0.221,0.119
17.245,0.225,0.119
17.278,0.229,0.119
17.312,0.232,0.119
17.345,0.235,0.119
17.378,0.238,0.119
17.412,0.24,0.119
17.445,0.242,0.119
17.478,0.244,0.119
17.512,0.245,0.119
17.545,0.245,0.119
17.578,0.245,0.119
17.612,0.245,0.119
17.645,0.245,0.119
17.678,0.244,0.119
17.712,0.242,0.119
17.745,0.24,0.119
17.778,0.238,0.119
17.812,0.236,0.119
17.845,0.233,0.119
17.878,0.229,0.118
17.912,0.226,0.118
17.945,0.222,0.118
17.978,0.217,0.118
18.012,0.213,0.118
18.045,0.208,0.118
18.078,0.204,0.118
18.112,0.198,0.118
18.145,0.193,0.117
18.178,0.188,0.118
18.212,0.183,0.117
18.245,0.177,0.118
18.278,0.172,0.118
18.312,0.166,0.118
18.345,0.16,0.118
18.378,0.155,0.118
18.412,0.15,0.118
18.445,0.144,0.118
18.478,0.139,0.118
18.512,0.134,0.118
18.545,0.129,0.118
18.578,0.124,0.118
18.612,0.119,0.118
18.645,0.115,0.118
18.678,0.111,0.118
18.712,0.107,0.118
18.745,0.103,0.118
18.778,9.99E-02,0.118
18.812,9.69E-02,0.118
18.845,9.46E-02,0.118
18.878,9.24E-02,0.118
18.912,9.08E-02,0.118
18.945,8.95E-02,0.118
18.978,8.88E-02,0.118
19.012,8.82E-02,0.118
19.045,8.80E-02,0.118
19.078,8.83E-02,0.118
19.112,8.90E-02,0.118
19.145,9.00E-02,0.118
19.178,9.18E-02,0.118
19.212,9.36E-02,0.118
19.245,9.62E-02,0.118
19.278,0.104,0.107
19.312,0.107,0.107
19.345,0.11,0.107
19.378,0.114,0.108
19.412,0.118,0.108
19.445,0.116,0.116
19.478,0.121,0.116
19.512,0.126,0.116
19.545,0.131,0.116
19.578,0.136,0.116
19.612,0.142,0.116
19.645,0.148,0.116
19.678,0.153,0.116
19.712,0.159,0.116
19.745,0.166,0.116
19.778,0.171,0.116
19.812,0.178,0.116
19.845,0.184,0.116
19.878,0.189,0.117
19.912,0.194,0.117
19.945,0.2,0.117
19.978,0.212,0.118
20.012,0.217,0.118
20.045,0.216,0.118
20.078,0.225,0.118
20.112,0.23,0.118
20.145,0.235,0.119
20.178,0.239,0.119
20.212,0.241,0.119
20.245,0.24,0.119
20.278,0.243,0.119
20.312,0.249,0.119
20.345,0.25,0.119
20.378,0.252,0.119
20.412,0.252,0.119
20.445,0.252,0.119
20.478,0.252,0.119
20.512,0.252,0.119
20.545,0.251,0.119
20.578,0.249,0.119
20.612,0.247,0.119
20.645,0.245,0.119
20.678,0.243,0.119
20.712,0.239,0.119
20.745,0.236,0.119
20.778,0.231,0.118
20.812,0.226,0.118
20.845,0.222,0.118
20.878,0.217,0.118
20.912,0.212,0.118
20.945,0.207,0.118
20.978,0.201,0.118
21.012,0.195,0.118
21.045,0.191,0.118
21.078,0.185,0.118
21.112,0.179,0.118
21.145,0.164,0.116
21.178,0.158,0.116
21.212,0.152,0.116
21.245,0.147,0.116
21.278,0.141,0.116
21.312,0.135,0.116
21.345,0.13,0.116
21.378,0.125,0.116
21.412,0.12,0.115
21.445,0.115,0.116
21.478,0.11,0.116
21.512,0.106,0.116
21.545,0.102,0.116
21.578,9.85E-02,0.115
21.612,9.52E-02,0.115
21.645,9.26E-02,0.116
21.678,9.02E-02,0.115
21.712,8.81E-02,0.116
21.745,8.70E-02,0.116
21.778,8.57E-02,0.116
21.812,9.06E-02,0.116
21.845,9.04E-02,0.116
21.878,9.06E-02,0.116
21.912,9.10E-02,0.116
21.945,9.22E-02,0.116
21.978,9.37E-02,0.116
22.012,9.58E-02,0.116
22.045,9.80E-02,0.116
22.078,0.101,0.116
22.112,0.103,0.116
22.145,0.107,0.116
22.178,0.11,0.116
22.212,0.114,0.116
22.245,0.118,0.116
22.278,0.122,0.116
22.312,0.127,0.115
22.345,0.131,0.116
22.378,0.136,0.116
22.412,0.142,0.116
22.445,0.147,0.116
22.478,0.154,0.116
22.512,0.16,0.117
22.545,0.16,0.116
22.578,0.166,0.117
22.612,0.171,0.117
22.645,0.177,0.117
22.678,0.183,0.117
22.712,0.188,0.117
22.745,0.198,0.117
22.778,0.203,0.117
22.812,0.208,0.117
22.845,0.213,0.117
22.878,0.218,0.117
22.912,0.222,0.118
22.945,0.226,0.118
22.978,0.23,0.118
23.012,0.234,0.118
23.045,0.237,0.118
23.078,0.24,0.118
23.112,0.242,0.118
23.145,0.244,0.118
23.178,0.246,0.118
23.212,0.248,0.118
23.245,0.248,0.118
23.278,0.249,0.118
23.312,0.249,0.118
23.345,0.248,0.118
23.378,0.248,0.118
23.412,0.247,0.118
23.445,0.245,0.118
23.478,0.243,0.118
23.512,0.241,0.118
23.545,0.238,0.118
23.578,0.235,0.118
23.612,0.232,0.118
23.645,0.228,0.118
23.678,0.223,0.118
23.712,0.219,0.118
23.745,0.214,0.118
23.778,0.21,0.118
23.812,0.204,0.118
23.845,0.199,0.118
23.878,0.193,0.118
23.912,0.188,0.118
23.945,0.182,0.118
23.978,0.176,0.118
24.012,0.17,0.118
24.045,0.164,0.118
24.078,0.158,0.118
24.112,0.153,0.118
24.145,0.147,0.118
24.178,0.141,0.118
24.212,0.136,0.118
24.245,0.131,0.118
24.278,0.126,0.118
24.312,0.121,0.118
24.345,0.116,0.118
24.378,0.112,0.118
24.412,0.1,0.116
24.445,9.65E-02,0.116
24.478,9.32E-02,0.116
24.512,9.06E-02,0.116
24.545,8.82E-02,0.116
24.578,8.65E-02,0.116
24.612,8.48E-02,0.115
24.645,8.37E-02,0.115
24.678,8.28E-02,0.115
24.712,8.25E-02,0.116
24.745,8.28E-02,0.115
24.778,8.37E-02,0.115
24.812,8.49E-02,0.116
24.845,8.64E-02,0.116
24.878,8.86E-02,0.116
24.912,9.10E-02,0.115
24.945,9.40E-02,0.116
24.978,9.74E-02,0.115
25.012,0.101,0.115
25.045,0.105,0.116
25.078,0.109,0.115
25.112,0.114,0.116
25.145,0.119,0.115
25.178,0.124,0.115
25.212,0.129,0.116
25.245,0.135,0.116
25.278,0.142,0.116
25.312,0.147,0.116
25.345,0.153,0.116
25.378,0.159,0.117
25.412,0.165,0.117
25.445,0.171,0.117
25.478,0.176,0.117
25.512,0.183,0.117
25.545,0.188,0.117
25.578,0.193,0.117
25.612,0.199,0.117
25.645,0.204,0.117
25.678,0.21,0.118
25.712,0.215,0.118
25.745,0.219,0.118
25.778,0.223,0.117
25.812,0.227,0.117
25.845,0.23,0.117
25.878,0.233,0.118
25.912,0.236,0.118
25.945,0.238,0.118
25.978,0.24,0.118
26.012,0.242,0.118
26.045,0.243,0.118
26.078,0.244,0.118
26.112,0.244,0.118
26.145,0.244,0.118
26.178,0.243,0.118
26.212,0.243,0.118
26.245,0.241,0.118
26.278,0.239,0.118
26.312,0.237,0.118
26.345,0.234,0.117
26.378,0.232,0.118
26.412,0.229,0.118
26.445,0.225,0.117
26.478,0.221,0.118
26.512,0.217,0.118
26.545,0.213,0.118
26.578,0.208,0.118
26.612,0.204,0.117
26.645,0.198,0.117
26.678,0.193,0.117
26.712,0.188,0.117
26.745,0.182,0.117
26.778,0.176,0.117
26.812,0.17,0.117
26.845,0.165,0.117
26.878,0.159,0.117
26.912,0.153,0.116
26.945,0.148,0.117
26.978,0.142,0.117
27.012,0.136,0.117
27.045,0.131,0.117
27.078,0.126,0.117
27.112,0.122,0.117
27.145,0.117,0.117
27.178,0.112,0.117
27.212,0.108,0.117
27.245,0.105,0.117
27.278,0.101,0.117
27.312,9.82E-02,0.116
27.345,9.53E-02,0.117
27.378,9.28E-02,0.117
27.412,9.08E-02,0.117
27.445,8.91E-02,0.116
27.478,8.75E-02,0.117
27.512,8.70E-02,0.117
27.545,8.62E-02,0.117
27.578,8.63E-02,0.117
27.612,8.68E-02,0.117
27.645,8.76E-02,0.117
27.678,8.89E-02,0.117
27.712,9.05E-02,0.117
27.745,9.27E-02,0.117
27.778,9.53E-02,0.117
27.812,9.79E-02,0.117
27.845,1.00E-01,0.116
27.878,0.104,0.115
27.912,0.108,0.116
27.945,0.112,0.116
27.978,0.116,0.116
28.012,0.121,0.116
28.045,0.126,0.115
28.078,0.131,0.115
28.112,0.137,0.116
28.145,0.142,0.116
28.178,0.148,0.116
28.212,0.154,0.116
28.245,0.16,0.116
28.278,0.165,0.116
28.312,0.172,0.116
28.345,0.178,0.116
28.378,0.184,0.116
28.412,0.19,0.117
28.445,0.195,0.117
28.478,0.201,0.117
28.512,0.206,0.117
28.545,0.212,0.117
28.578,0.216,0.118
28.612,0.221,0.118
28.645,0.225,0.118
28.678,0.229,0.118
28.712,0.232,0.118
28.745,0.235,0.118
28.778,0.238,0.118
28.812,0.241,0.118
28.845,0.243,0.118
28.878,0.244,0.118
28.912,0.245,0.118
28.945,0.247,0.119
28.978,0.247,0.119
29.012,0.247,0.119
29.045,0.246,0.119
29.078,0.245,0.119
29.112,0.244,0.119
29.145,0.242,0.119
29.178,0.239,0.119
29.212,0.237,0.119
29.245,0.234,0.119
29.278,0.229,0.118
29.312,0.225,0.118
29.345,0.221,0.118
29.378,0.216,0.118
29.412,0.211,0.118
29.445,0.207,0.117
29.478,0.201,0.117
29.512,0.196,0.117
29.545,0.191,0.118
29.578,0.185,0.118
29.612,0.179,0.118
29.645,0.174,0.118
29.678,0.168,0.118
29.712,0.161,0.118
29.745,0.176,0.106
29.778,0.148,0.117
29.812,0.142,0.117
29.845,0.137,0.117
29.878,0.131,0.117
29.912,0.126,0.117
29.945,0.122,0.117
29.978,0.117,0.117
30.012,0.112,0.117
30.045,0.108,0.117
30.078,0.104,0.117
30.112,0.1,0.117
30.145,9.68E-02,0.117
30.178,9.40E-02,0.117
30.212,9.10E-02,0.117
30.245,8.88E-02,0.116
30.278,8.79E-02,0.117
30.312,8.68E-02,0.117
30.345,8.60E-02,0.117
30.378,8.58E-02,0.117
30.412,8.58E-02,0.117
30.445,8.62E-02,0.117
30.478,8.79E-02,0.117
30.512,8.91E-02,0.117
30.545,9.11E-02,0.117
30.578,9.32E-02,0.117
30.612,9.55E-02,0.116
30.645,9.85E-02,0.117
30.678,0.102,0.117
30.712,0.106,0.117
30.745,0.11,0.117
30.778,0.114,0.117
30.812,0.118,0.117
30.845,0.123,0.117
30.878,0.128,0.117
30.912,0.133,0.117
30.945,0.139,0.117
30.978,0.144,0.117
31.012,0.149,0.117
31.045,0.155,0.117
31.078,0.161,0.117
31.112,0.166,0.117
31.145,0.171,0.117
31.178,0.177,0.117
31.212,0.183,0.117
31.245,0.188,0.117
31.278,0.193,0.117
31.312,0.198,0.117
31.345,0.205,0.117
31.378,0.209,0.118
31.412,0.214,0.118
31.445,0.218,0.118
31.478,0.222,0.118
31.512,0.226,0.118
31.545,0.229,0.118
31.578,0.232,0.118
31.612,0.235,0.118
31.645,0.237,0.118
31.678,0.239,0.118
31.712,0.241,0.118
31.745,0.242,0.118
31.778,0.243,0.118
31.812,0.243,0.118
31.845,0.243,0.118
31.878,0.243,0.118
31.912,0.242,0.118
31.945,0.24,0.118
31.978,0.238,0.118
32.012,0.236,0.118
32.045,0.234,0.118
32.078,0.232,0.118
32.112,0.229,0.118
32.145,0.225,0.118
32.178,0.222,0.118
32.212,0.217,0.118
32.245,0.213,0.118
32.278,0.209,0.118
32.312,0.204,0.118
32.345,0.199,0.118
32.378,0.194,0.118
32.412,0.189,0.118
32.445,0.183,0.118
32.478,0.177,0.118
32.512,0.171,0.118
32.545,0.166,0.118
32.578,0.16,0.118
32.612,0.154,0.118
32.645,0.148,0.118
32.678,0.143,0.118
32.712,0.137,0.118
32.745,0.132,0.118
32.778,0.127,0.118
32.812,0.122,0.118
32.845,0.117,0.118
32.878,0.112,0.118
32.912,0.108,0.118
32.945,0.104,0.118
32.978,0.1,0.118
33.012,9.50E-02,0.117
33.045,9.20E-02,0.117
33.078,9.00E-02,0.117
33.112,8.78E-02,0.117
33.145,8.64E-02,0.117
33.178,8.54E-02,0.117
33.212,8.49E-02,0.117
33.245,8.46E-02,0.117
33.278,8.48E-02,0.117
33.312,8.57E-02,0.117
33.345,8.67E-02,0.117
33.378,8.83E-02,0.117
33.412,9.04E-02,0.117
33.445,9.28E-02,0.117
33.478,9.56E-02,0.117
33.512,9.92E-02,0.117
33.545,0.103,0.117
33.578,0.107,0.117
33.612,0.11,0.116
33.645,0.115,0.117
33.678,0.12,0.117
33.712,0.125,0.117
33.745,0.131,0.117
33.778,0.136,0.117
33.812,0.142,0.117
33.845,0.147,0.117
33.878,0.153,0.117
33.912,0.159,0.117
33.945,0.165,0.117
33.978,0.173,0.118
34.012,0.179,0.118
34.045,0.185,0.118
34.078,0.19,0.118
34.112,0.196,0.118
34.145,0.201,0.118
34.178,0.207,0.119
34.212,0.212,0.119
34.245,0.216,0.119
34.278,0.221,0.119
34.312,0.225,0.119
34.345,0.229,0.119
34.378,0.232,0.119
34.412,0.235,0.119
34.445,0.238,0.119
34.478,0.24,0.119
34.512,0.242,0.119
34.545,0.244,0.119
34.578,0.244,0.119
34.612,0.245,0.119
34.645,0.245,0.119
34.678,0.245,0.119
34.712,0.245,0.119
34.745,0.244,0.119
34.778,0.243,0.119
34.812,0.241,0.119
34.845,0.239,0.119
34.878,0.236,0.118
34.912,0.233,0.118
34.945,0.229,0.118
34.978,0.225,0.118
35.012,0.222,0.118
35.045,0.218,0.118
35.078,0.213,0.118
35.112,0.209,0.117
35.145,0.204,0.118
35.178,0.199,0.118
35.212,0.194,0.118
35.245,0.188,0.118
35.278,0.183,0.118
35.312,0.178,0.118
35.345,0.172,0.118
35.378,0.167,0.118
35.412,0.161,0.118
35.445,0.155,0.118
35.478,0.15,0.118
35.512,0.144,0.118
35.545,0.139,0.118
35.578,0.134,0.118
35.612,0.129,0.118
35.645,0.124,0.118
35.678,0.119,0.118
35.712,0.115,0.118
35.745,0.111,0.118
35.778,0.107,0.118
35.812,0.104,0.118
35.845,0.101,0.118
35.878,9.83E-02,0.118
35.912,9.57E-02,0.118
35.945,9.39E-02,0.118
35.978,9.25E-02,0.118
36.012,9.15E-02,0.118
36.045,9.06E-02,0.118
36.078,8.99E-02,0.118
36.112,8.99E-02,0.118
36.145,8.86E-02,0.117
36.178,8.94E-02,0.117
36.212,9.07E-02,0.117
36.245,9.26E-02,0.117
36.278,9.47E-02,0.117
36.312,9.72E-02,0.117
36.345,0.1,0.117
36.378,0.103,0.117
36.412,0.107,0.117
36.445,0.11,0.117
36.478,0.113,0.116
36.512,0.117,0.116
36.545,0.122,0.116
36.578,0.127,0.115
36.612,0.132,0.115
36.645,0.137,0.115
36.678,0.143,0.116
36.712,0.148,0.116
36.745,0.154,0.115
36.778,0.16,0.116
36.812,0.166,0.116
36.845,0.172,0.116
36.878,0.178,0.116
36.912,0.184,0.116
36.945,0.19,0.116
36.978,0.195,0.117
37.012,0.2,0.117
37.045,0.205,0.117
37.078,0.221,0.121
37.112,0.221,0.117
37.145,0.22,0.118
37.178,0.225,0.118
37.212,0.228,0.118
37.245,0.231,0.118
37.278,0.234,0.118
37.312,0.239,0.119
37.345,0.241,0.119
37.378,0.243,0.119
37.412,0.245,0.119
37.445,0.246,0.119
37.478,0.246,0.119
37.512,0.246,0.119
37.545,0.246,0.119
37.578,0.245,0.119
37.612,0.244,0.119
37.645,0.243,0.119
37.678,0.241,0.119
37.712,0.238,0.119
37.745,0.236,0.119
37.778,0.233,0.119
37.812,0.229,0.119
37.845,0.226,0.119
37.878,0.222,0.119
37.912,0.217,0.119
37.945,0.211,0.118
37.978,0.206,0.118
38.012,0.201,0.118
38.045,0.196,0.118
38.078,0.19,0.118
38.112,0.185,0.118
38.145,0.179,0.118
38.178,0.173,0.118
38.212,0.168,0.118
38.245,0.162,0.118
38.278,0.156,0.118
38.312,0.15,0.118
38.345,0.165,0.106
38.378,0.136,0.116
38.412,0.131,0.116
38.445,0.126,0.116
38.478,0.121,0.116
38.512,0.116,0.116
38.545,0.111,0.115
38.578,0.107,0.115
38.612,0.103,0.116
38.645,9.97E-02,0.115
38.678,9.64E-02,0.115
38.712,9.35E-02,0.115
38.745,9.11E-02,0.115
38.778,8.91E-02,0.115
38.812,8.72E-02,0.115
38.845,8.61E-02,0.116
38.878,8.60E-02,0.115
38.912,8.56E-02,0.116
38.945,8.59E-02,0.115
38.978,8.62E-02,0.116
39.012,8.74E-02,0.116
39.045,8.93E-02,0.116
39.078,9.20E-02,0.116
39.112,9.40E-02,0.116
39.145,9.65E-02,0.116
39.178,9.96E-02,0.116
39.212,0.103,0.116
39.245,0.107,0.116
39.278,0.111,0.117
39.312,0.115,0.117
39.345,0.119,0.117
39.378,0.124,0.117
39.412,0.13,0.117
39.445,0.135,0.117
39.478,0.14,0.117
39.512,0.145,0.117
39.545,0.15,0.117
39.578,0.156,0.117
39.612,0.162,0.117
39.645,0.167,0.117
39.678,0.173,0.117
39.712,0.179,0.117
39.745,0.184,0.117
39.778,0.189,0.117
39.812,0.194,0.117
39.845,0.2,0.117
39.878,0.204,0.117
39.912,0.209,0.117
39.945,0.214,0.117
39.978,0.218,0.117
40.012,0.222,0.117
40.045,0.226,0.117
40.078,0.229,0.118
40.112,0.232,0.118
40.145,0.235,0.118
40.178,0.237,0.118
40.212,0.239,0.118
40.245,0.241,0.118
40.278,0.242,0.118
40.312,0.242,0.118
40.345,0.243,0.118
40.378,0.243,0.118
40.412,0.242,0.118
40.445,0.242,0.118
40.478,0.24,0.118
40.512,0.239,0.118
40.545,0.237,0.118
40.578,0.234,0.118
40.612,0.231,0.118
40.645,0.228,0.118
40.678,0.225,0.118
40.712,0.221,0.118
40.745,0.217,0.118
40.778,0.213,0.118
40.812,0.208,0.118
40.845,0.204,0.118
40.878,0.199,0.118
40.912,0.194,0.118
40.945,0.188,0.118
40.978,0.183,0.118
41.012,0.177,0.118
41.045,0.172,0.118
41.078,0.166,0.118
41.112,0.16,0.118
41.145,0.155,0.118
41.178,0.149,0.118
41.212,0.144,0.118
41.245,0.138,0.118
41.278,0.133,0.118
41.312,0.128,0.118
41.345,0.123,0.118
41.378,0.118,0.118
41.412,0.114,0.118
41.445,0.11,0.118
41.478,0.106,0.118
41.512,0.102,0.118
41.545,9.94E-02,0.118
41.578,9.22E-02,0.116
41.612,0.102,0.122
41.645,9.99E-02,0.122
41.678,8.64E-02,0.116
41.712,9.77E-02,0.122
41.745,9.68E-02,0.122
41.778,9.67E-02,0.122
41.812,9.69E-02,0.122
41.845,9.77E-02,0.122
41.878,9.88E-02,0.122
41.912,8.86E-02,0.116
41.945,9.08E-02,0.116
41.978,9.30E-02,0.115
42.012,9.60E-02,0.115
42.045,9.93E-02,0.115
42.078,0.102,0.115
42.112,0.107,0.115
42.145,0.11,0.115
42.178,0.115,0.115
42.212,0.12,0.115
42.245,0.125,0.115
42.278,0.13,0.116
42.312,0.136,0.116
42.345,0.142,0.115
42.378,0.147,0.116
42.412,0.152,0.116
42.445,0.159,0.116
42.478,0.166,0.116
42.512,0.171,0.116
42.545,0.177,0.116
42.578,0.183,0.116
42.612,0.188,0.116
42.645,0.194,0.117
42.678,0.199,0.117
42.712,0.204,0.117
42.745,0.211,0.118
42.778,0.215,0.118
42.812,0.219,0.118
42.845,0.224,0.118
42.878,0.227,0.118
42.912,0.231,0.118
42.945,0.233,0.118
42.978,0.236,0.118
43.012,0.239,0.118
43.045,0.24,0.118
43.078,0.242,0.118
43.112,0.243,0.118
43.145,0.243,0.118
43.178,0.244,0.118
43.212,0.244,0.118
43.245,0.243,0.118
43.278,0.242,0.118
43.312,0.241,0.118
43.345,0.239,0.118
43.378,0.237,0.118
43.412,0.234,0.118
43.445,0.231,0.117
43.478,0.228,0.117
43.512,0.225,0.117
43.545,0.221,0.118
43.578,0.217,0.118
43.612,0.212,0.117
43.645,0.208,0.118
43.678,0.203,0.117
43.712,0.197,0.117
43.745,0.192,0.117
43.778,0.187,0.117
43.812,0.181,0.117
43.845,0.176,0.117
43.878,0.17,0.117
43.912,0.165,0.116
43.945,0.159,0.116
43.978,0.154,0.117
44.012,0.148,0.116
44.045,0.143,0.116
44.078,0.137,0.117
44.112,0.132,0.117
44.145,0.127,0.117
44.178,0.122,0.117
44.212,0.118,0.117
44.245,0.114,0.117
44.278,0.11,0.117
44.312,0.106,0.117
44.345,0.103,0.117
44.378,9.99E-02,0.117
44.412,9.72E-02,0.117
44.445,9.48E-02,0.117
44.478,9.28E-02,0.117
44.512,9.12E-02,0.116
44.545,9.00E-02,0.116
44.578,8.89E-02,0.117
44.612,8.85E-02,0.117
44.645,8.88E-02,0.117
44.678,8.91E-02,0.116
44.712,8.99E-02,0.116
44.745,9.12E-02,0.116
44.778,9.29E-02,0.117
44.812,9.52E-02,0.116
44.845,9.78E-02,0.117
44.878,0.101,0.117
44.912,0.104,0.117
44.945,0.107,0.117
44.978,0.111,0.117
45.012,0.116,0.117
45.045,0.12,0.117
45.078,0.125,0.117
45.112,0.13,0.117
45.145,0.135,0.117
45.178,0.14,0.117
45.212,0.146,0.117
45.245,0.151,0.117
45.278,0.157,0.117
45.312,0.163,0.117
45.345,0.168,0.117
45.378,0.174,0.117
45.412,0.179,0.117
45.445,0.185,0.117
45.478,0.191,0.117
45.512,0.196,0.117
45.545,0.201,0.117
45.578,0.206,0.117
45.612,0.213,0.117
45.645,0.216,0.117
45.678,0.22,0.118
45.712,0.225,0.118
45.745,0.229,0.118
45.778,0.232,0.118
45.812,0.235,0.118
45.845,0.238,0.118
45.878,0.24,0.118
45.912,0.242,0.119
45.945,0.244,0.118
45.978,0.245,0.119
46.012,0.245,0.119
46.045,0.246,0.119
46.078,0.246,0.119
46.112,0.245,0.119
46.145,0.244,0.119
46.178,0.242,0.119
46.212,0.24,0.119
46.245,0.238,0.119
46.278,0.235,0.119
46.312,0.232,0.119
46.345,0.229,0.119
46.378,0.225,0.118
46.412,0.221,0.119
46.445,0.215,0.118
46.478,0.211,0.118
46.512,0.206,0.118
46.545,0.201,0.118
46.578,0.195,0.118
46.612,0.19,0.118
46.645,0.184,0.118
46.678,0.179,0.118
46.712,0.174,0.118
46.745,0.168,0.118
46.778,0.162,0.118
46.812,0.156,0.118
46.845,0.151,0.118
46.878,0.145,0.118
46.912,0.14,0.118
46.945,0.131,0.116
46.978,0.128,0.117
47.012,0.123,0.117
47.045,0.118,0.117
47.078,0.113,0.117
47.112,0.109,0.117
47.145,0.105,0.117
47.178,0.101,0.117
47.212,9.80E-02,0.117
47.245,9.53E-02,0.117
47.278,9.29E-02,0.117
47.312,9.06E-02,0.117
47.345,8.89E-02,0.116
47.378,8.75E-02,0.117
47.412,8.69E-02,0.117
47.445,8.69E-02,0.117
47.478,8.73E-02,0.117
47.512,8.79E-02,0.117
47.545,8.89E-02,0.117
47.578,9.02E-02,0.117
47.612,9.20E-02,0.117
47.645,9.43E-02,0.117
47.678,9.65E-02,0.117
47.712,9.95E-02,0.117
47.745,0.103,0.117
47.778,0.107,0.117
47.812,0.111,0.117
47.845,0.115,0.117
47.878,0.119,0.117
47.912,0.124,0.117
47.945,0.129,0.117
47.978,0.134,0.117
48.012,0.139,0.117
48.045,0.145,0.117
48.078,0.15,0.117
48.112,0.156,0.117
48.145,0.162,0.117
48.178,0.167,0.117
48.212,0.172,0.117
48.245,0.178,0.117
48.278,0.184,0.117
48.312,0.189,0.117
48.345,0.194,0.117
48.378,0.199,0.117
48.412,0.204,0.117
48.445,0.21,0.117
48.478,0.214,0.118
48.512,0.218,0.118
48.545,0.222,0.118
48.578,0.226,0.118
48.612,0.229,0.118
48.645,0.232,0.118
48.678,0.234,0.118
48.712,0.236,0.118
48.745,0.238,0.118
48.778,0.24,0.118
48.812,0.241,0.118
48.845,0.247,0.118
48.878,0.247,0.118
48.912,0.248,0.118
48.945,0.247,0.118
48.978,0.246,0.118
49.012,0.245,0.118
49.045,0.243,0.118
49.078,0.241,0.118
49.112,0.239,0.118
49.145,0.236,0.118
49.178,0.233,0.118
49.212,0.229,0.118
49.245,0.225,0.118
49.278,0.221,0.118
49.312,0.217,0.118
49.345,0.212,0.118
49.378,0.208,0.118
49.412,0.203,0.118
49.445,0.197,0.118
49.478,0.192,0.118
49.512,0.186,0.118
49.545,0.181,0.118
49.578,0.175,0.118
49.612,0.169,0.118
49.645,0.164,0.118
49.678,0.158,0.118
49.712,0.153,0.118
49.745,0.15,0.12
49.778,0.145,0.12
49.812,0.14,0.12
49.845,0.135,0.12
49.878,0.13,0.12
49.912,0.125,0.12
49.945,0.121,0.12
49.978,0.117,0.12
50.012,0.113,0.12
50.045,0.11,0.12
50.078,0.107,0.12
50.112,0.104,0.12
50.145,9.04E-02,0.115
50.178,8.85E-02,0.115
50.212,8.74E-02,0.115
50.245,8.62E-02,0.115
50.278,8.57E-02,0.115
50.312,8.55E-02,0.115
50.345,8.58E-02,0.115
50.378,8.67E-02,0.115
50.412,8.78E-02,0.115
50.445,8.97E-02,0.115
50.478,9.14E-02,0.116
50.512,9.39E-02,0.115
50.545,9.68E-02,0.116
50.578,9.96E-02,0.115
50.612,0.103,0.116
50.645,0.107,0.116
50.678,0.111,0.115
50.712,0.116,0.116
50.745,0.121,0.116
50.778,0.126,0.116
50.812,0.131,0.116
50.845,0.136,0.116
50.878,0.142,0.116
50.912,0.147,0.116
50.945,0.152,0.116
50.978,0.16,0.116
51.012,0.165,0.116
51.045,0.171,0.116
51.078,0.177,0.117
51.112,0.182,0.117
51.145,0.188,0.117
51.178,0.193,0.117
51.212,0.198,0.117
51.245,0.205,0.117
51.278,0.21,0.118
51.312,0.215,0.118
51.345,0.219,0.118
51.378,0.223,0.118
51.412,0.226,0.118
51.445,0.23,0.118
51.478,0.232,0.118
51.512,0.235,0.118
51.545,0.238,0.118
51.578,0.24,0.118
51.612,0.241,0.118
51.645,0.243,0.119
51.678,0.243,0.118
51.712,0.243,0.118
51.745,0.243,0.118
51.778,0.243,0.118
51.812,0.242,0.118
51.845,0.24,0.118
51.878,0.238,0.118
51.912,0.236,0.118
51.945,0.233,0.118
51.978,0.23,0.118
52.012,0.227,0.118
52.045,0.224,0.118
52.078,0.22,0.118
52.112,0.216,0.118
52.145,0.212,0.117
52.178,0.207,0.117
52.212,0.203,0.118
52.245,0.197,0.117
52.278,0.192,0.118
52.312,0.187,0.118
52.345,0.181,0.118
52.378,0.176,0.118
52.412,0.17,0.118
52.445,0.165,0.118
52.478,0.16,0.118
52.512,0.154,0.118
52.545,0.149,0.118
52.578,0.144,0.118
52.612,0.138,0.118
52.645,0.133,0.118
52.678,0.128,0.118
52.712,0.124,0.118
52.745,0.119,0.118
52.778,0.115,0.118
52.812,0.111,0.118
52.845,0.107,0.118
52.878,0.104,0.118
52.912,0.101,0.118
52.945,9.84E-02,0.118
52.978,9.60E-02,0.118
53.012,9.43E-02,0.118
53.045,9.28E-02,0.118
53.078,9.17E-02,0.118
53.112,9.08E-02,0.118
53.145,9.06E-02,0.118
53.178,9.08E-02,0.118
53.212,9.12E-02,0.118
53.245,9.22E-02,0.118
53.278,9.35E-02,0.118
53.312,9.53E-02,0.118
53.345,9.74E-02,0.118
53.378,1.00E-01,0.118
53.412,0.103,0.118
53.445,0.106,0.118
53.478,0.11,0.118
53.512,0.114,0.118
53.545,0.118,0.118
53.578,0.122,0.118
53.612,0.127,0.118
53.645,0.132,0.118
53.678,0.137,0.118
53.712,0.142,0.118
53.745,0.148,0.118
53.778,0.153,0.118
53.812,0.159,0.118
53.845,0.165,0.118
53.878,0.17,0.118
53.912,0.175,0.118
53.945,0.181,0.118
53.978,0.187,0.118
54.012,0.192,0.118
54.045,0.197,0.118
54.078,0.202,0.118
54.112,0.207,0.118
54.145,0.213,0.119
54.178,0.217,0.119
54.212,0.221,0.119
54.245,0.225,0.119
54.278,0.229,0.119
54.312,0.232,0.119
54.345,0.235,0.119
54.378,0.237,0.119
54.412,0.239,0.119
54.445,0.241,0.119
54.478,0.243,0.119
54.512,0.243,0.119
54.545,0.244,0.119
54.578,0.244,0.119
54.612,0.244,0.119
54.645,0.244,0.119
54.678,0.242,0.119
54.712,0.241,0.119
54.745,0.239,0.119
54.778,0.237,0.119
54.812,0.234,0.119
54.845,0.23,0.118
54.878,0.227,0.118
54.912,0.223,0.118
54.945,0.219,0.118
54.978,0.215,0.118
55.012,0.211,0.118
55.045,0.206,0.117
55.078,0.2,0.118
55.112,0.195,0.118
55.145,0.19,0.118
55.178,0.185,0.118
55.212,0.18,0.118
55.245,0.174,0.118
55.278,0.168,0.118
55.312,0.163,0.118
55.345,0.157,0.118
55.378,0.152,0.118
55.412,0.146,0.118
55.445,0.14,0.118
55.478,0.135,0.118
55.512,0.13,0.118
55.545,0.122,0.117
55.578,0.118,0.117
55.612,0.113,0.117
55.645,0.109,0.117
55.678,0.106,0.117
55.712,0.102,0.117
55.745,9.88E-02,0.117
55.778,9.65E-02,0.117
55.812,9.41E-02,0.117
55.845,9.19E-02,0.117
55.878,8.96E-02,0.117
55.912,8.84E-02,0.117
55.945,8.80E-02,0.117
55.978,8.79E-02,0.117
56.012,8.78E-02,0.117
56.045,8.84E-02,0.117
56.078,8.96E-02,0.117
56.112,9.11E-02,0.117
56.145,9.29E-02,0.117
56.178,9.52E-02,0.117
56.212,9.79E-02,0.117
56.245,0.101,0.117
56.278,0.104,0.117
56.312,0.108,0.117
56.345,0.112,0.117
56.378,0.116,0.117
56.412,0.12,0.117
56.445,0.125,0.117
56.478,0.13,0.117
56.512,0.135,0.117
56.545,0.14,0.117
56.578,0.146,0.117
56.612,0.151,0.117
56.645,0.156,0.117
56.678,0.162,0.117
56.712,0.168,0.117
56.745,0.173,0.117
56.778,0.179,0.117
56.812,0.184,0.117
56.845,0.189,0.117
56.878,0.194,0.117
56.912,0.199,0.117
56.945,0.204,0.117
56.978,0.209,0.117
57.012,0.213,0.117
57.045,0.218,0.117
57.078,0.222,0.118
57.112,0.226,0.118
57.145,0.229,0.117
57.178,0.232,0.118
57.212,0.234,0.118
57.245,0.236,0.118
57.278,0.238,0.118
57.312,0.24,0.118
57.345,0.241,0.118
57.378,0.242,0.118
57.412,0.242,0.118
57.445,0.242,0.118
57.478,0.241,0.118
57.512,0.24,0.118
57.545,0.239,0.118
57.578,0.237,0.118
57.612,0.235,0.118
57.645,0.233,0.118
57.678,0.23,0.118
57.712,0.227,0.118
57.745,0.223,0.118
57.778,0.219,0.118
57.812,0.215,0.118
57.845,0.211,0.118
57.878,0.207,0.118
57.912,0.202,0.118
57.945,0.197,0.118
57.978,0.192,0.118
58.012,0.187,0.118
58.045,0.181,0.118
58.078,0.176,0.118
58.112,0.17,0.118
58.145,0.165,0.118
58.178,0.159,0.118
58.212,0.154,0.118
58.245,0.148,0.118
58.278,0.143,0.118
58.312,0.138,0.118
58.345,0.133,0.118
58.378,0.128,0.118
58.412,0.123,0.118
58.445,0.119,0.118
58.478,0.115,0.118
58.512,0.111,0.118
58.545,0.107,0.118
58.578,0.104,0.118
58.612,0.101,0.118
58.645,9.79E-02,0.118
58.678,9.59E-02,0.118
58.712,9.09E-02,0.117
58.745,8.93E-02,0.117
58.778,8.84E-02,0.117
58.812,8.79E-02,0.117
58.845,8.77E-02,0.117
58.878,8.78E-02,0.117
58.912,8.85E-02,0.117
58.945,8.99E-02,0.117
58.978,9.14E-02,0.117
59.012,9.36E-02,0.117
59.045,9.58E-02,0.117
59.078,9.84E-02,0.117
59.112,0.102,0.117
59.145,0.105,0.117
59.178,0.109,0.117
59.212,0.113,0.117
59.245,0.117,0.117
59.278,0.122,0.117
59.312,0.127,0.117
59.345,0.132,0.117
59.378,0.137,0.117
59.412,0.143,0.117
59.445,0.148,0.117
59.478,0.154,0.117
59.512,0.16,0.117
59.545,0.165,0.117
59.578,0.171,0.117
59.612,0.176,0.117